{"cameraMode":{"drawMode":0,"name":"Shaded","section":"Shading Mode"},"sceneLighting":false,"audioPlay":false,"sceneViewState":{"showFog":true,"showMaterialUpdate":false,"showSkybox":true,"showFlares":true,"showImageEffects":true,"showParticleSystems":true},"in2DMode":false,"pivot":{"x":-3.4866199493408205,"y":1.0000004768371583,"z":2.007535934448242},"rotation":{"x":-0.1600758284330368,"y":0.45730361342430117,"z":-0.08407045155763626,"w":-0.8707360625267029},"size":4.041658401489258,"orthographic":false}