{"cameraMode":{"drawMode":0,"name":"Shaded","section":"Shading Mode"},"sceneLighting":false,"audioPlay":false,"sceneViewState":{"showFog":true,"showMaterialUpdate":false,"showSkybox":true,"showFlares":true,"showImageEffects":true,"showParticleSystems":true},"in2DMode":false,"pivot":{"x":137.29159545898438,"y":158.12515258789063,"z":54.338531494140628},"rotation":{"x":-0.38155877590179446,"y":-0.08660514652729035,"z":0.03593500703573227,"w":-0.9195766448974609},"size":571.6414794921875,"orthographic":false}