{"cameraMode":{"drawMode":0,"name":"Shaded","section":"Shading Mode"},"sceneLighting":false,"audioPlay":false,"sceneViewState":{"showFog":true,"showMaterialUpdate":false,"showSkybox":true,"showFlares":true,"showImageEffects":true,"showParticleSystems":true},"in2DMode":false,"pivot":{"x":572.3103637695313,"y":336.95635986328127,"z":8.671875},"rotation":{"x":-0.4315979480743408,"y":-0.09254787862300873,"z":0.04456992447376251,"w":-0.8961984515190125},"size":750.915283203125,"orthographic":false}