{"cameraMode":{"drawMode":0,"name":"Shaded","section":"Shading Mode"},"sceneLighting":false,"audioPlay":false,"sceneViewState":{"showFog":true,"showMaterialUpdate":false,"showSkybox":true,"showFlares":true,"showImageEffects":true,"showParticleSystems":true},"in2DMode":false,"pivot":{"x":772.1013793945313,"y":517.7241821289063,"z":244.486572265625},"rotation":{"x":-0.18150676786899568,"y":-0.09072501957416535,"z":0.01681959442794323,"w":-0.9790512323379517},"size":2784.84912109375,"orthographic":false}