{"cameraMode":{"drawMode":0,"name":"Shaded","section":"Shading Mode"},"sceneLighting":false,"audioPlay":false,"sceneViewState":{"showFog":true,"showMaterialUpdate":false,"showSkybox":true,"showFlares":true,"showImageEffects":true,"showParticleSystems":true},"in2DMode":false,"pivot":{"x":26.02860450744629,"y":-1.6402678489685059,"z":28.483842849731447},"rotation":{"x":-0.1600758284330368,"y":0.45730361342430117,"z":-0.08407045155763626,"w":-0.8707360625267029},"size":22.0,"orthographic":false}