{"cameraMode":{"drawMode":0,"name":"Shaded","section":"Shading Mode"},"sceneLighting":false,"audioPlay":false,"sceneViewState":{"showFog":true,"showMaterialUpdate":false,"showSkybox":true,"showFlares":true,"showImageEffects":true,"showParticleSystems":true},"in2DMode":false,"pivot":{"x":0.4296112060546875,"y":1.2155790328979493,"z":-0.22777223587036134},"rotation":{"x":0.20963110029697419,"y":0.4063749313354492,"z":-0.09635697305202484,"w":0.8840981721878052},"size":4.155262470245361,"orthographic":false}