{"cameraMode":{"drawMode":0,"name":"Shaded","section":"Shading Mode"},"sceneLighting":false,"audioPlay":false,"sceneViewState":{"showFog":true,"showMaterialUpdate":false,"showSkybox":true,"showFlares":true,"showImageEffects":true,"showParticleSystems":true},"in2DMode":false,"pivot":{"x":0.059319958090782168,"y":0.7080187797546387,"z":0.07969009876251221},"rotation":{"x":-0.3734506666660309,"y":-0.018924115225672723,"z":0.007620498072355986,"w":-0.9274256825447083},"size":2.1051740646362306,"orthographic":false}