{"cameraMode":{"drawMode":0,"name":"Shaded","section":"Shading Mode"},"sceneLighting":false,"audioPlay":false,"sceneViewState":{"showFog":true,"showMaterialUpdate":false,"showSkybox":true,"showFlares":true,"showImageEffects":true,"showParticleSystems":true},"in2DMode":false,"pivot":{"x":-0.003957688808441162,"y":-0.026081204414367677,"z":-0.053804636001586917},"rotation":{"x":-0.1600758284330368,"y":0.45730361342430117,"z":-0.08407045155763626,"w":-0.8707360625267029},"size":3.5256245136260988,"orthographic":false}