{"cameraMode":{"drawMode":0,"name":"Shaded","section":"Shading Mode"},"sceneLighting":false,"audioPlay":false,"sceneViewState":{"showFog":true,"showMaterialUpdate":false,"showSkybox":true,"showFlares":true,"showImageEffects":true,"showParticleSystems":true},"in2DMode":false,"pivot":{"x":-2.7059898376464845,"y":-20.272621154785158,"z":22.143436431884767},"rotation":{"x":-0.1274271309375763,"y":0.7031017541885376,"z":-0.13035166263580323,"w":-0.6873272657394409},"size":2.8578836917877199,"orthographic":false}