{"cameraMode":{"drawMode":0,"name":"Shaded","section":"Shading Mode"},"sceneLighting":false,"audioPlay":false,"sceneViewState":{"showFog":true,"showMaterialUpdate":false,"showSkybox":true,"showFlares":true,"showImageEffects":true,"showParticleSystems":true},"in2DMode":false,"pivot":{"x":29.91258430480957,"y":5.340039253234863,"z":29.593814849853517},"rotation":{"x":-0.18158546090126038,"y":0.36384904384613039,"z":-0.07254801690578461,"w":-0.9107016324996948},"size":4.086764812469482,"orthographic":false}