{"cameraMode":{"drawMode":0,"name":"Shaded","section":"Shading Mode"},"sceneLighting":false,"audioPlay":false,"sceneViewState":{"showFog":true,"showMaterialUpdate":false,"showSkybox":true,"showFlares":true,"showImageEffects":true,"showParticleSystems":true},"in2DMode":false,"pivot":{"x":0.34667152166366579,"y":-0.2515069842338562,"z":-0.6168314218521118},"rotation":{"x":-0.1600758284330368,"y":0.45730361342430117,"z":-0.08407045155763626,"w":-0.8707360625267029},"size":3.7700774669647219,"orthographic":false}