{"cameraMode":{"drawMode":0,"name":"Shaded","section":"Shading Mode"},"sceneLighting":false,"audioPlay":false,"sceneViewState":{"showFog":true,"showMaterialUpdate":false,"showSkybox":true,"showFlares":true,"showImageEffects":true,"showParticleSystems":true},"in2DMode":false,"pivot":{"x":-0.18867254257202149,"y":0.694742739200592,"z":0.14745795726776124},"rotation":{"x":0.06249485909938812,"y":-0.8150296807289124,"z":0.09933587163686753,"w":0.5674093961715698},"size":5.393856048583984,"orthographic":false}