{"cameraMode":{"drawMode":0,"name":"Shaded","section":"Shading Mode"},"sceneLighting":false,"audioPlay":false,"sceneViewState":{"showFog":true,"showMaterialUpdate":false,"showSkybox":true,"showFlares":true,"showImageEffects":true,"showParticleSystems":true},"in2DMode":false,"pivot":{"x":0.34667152166366579,"y":-0.2515069842338562,"z":-0.6168314218521118},"rotation":{"x":0.1779399961233139,"y":-0.7291582822799683,"z":0.2165115475654602,"w":0.6243303418159485},"size":3.7700774669647219,"orthographic":true}