{"cameraMode":{"drawMode":0,"name":"Shaded","section":"Shading Mode"},"sceneLighting":false,"audioPlay":false,"sceneViewState":{"showFog":true,"showMaterialUpdate":false,"showSkybox":true,"showFlares":true,"showImageEffects":true,"showParticleSystems":true},"in2DMode":false,"pivot":{"x":-30.491666793823243,"y":4.972235679626465,"z":-17.88928985595703},"rotation":{"x":0.09621313214302063,"y":0.8602131605148315,"z":0.16411522030830384,"w":-0.47312018275260928},"size":22.0,"orthographic":false}