{"cameraMode":{"drawMode":0,"name":"Shaded","section":"Shading Mode"},"sceneLighting":false,"audioPlay":false,"sceneViewState":{"showFog":true,"showMaterialUpdate":false,"showSkybox":true,"showFlares":true,"showImageEffects":true,"showParticleSystems":true},"in2DMode":false,"pivot":{"x":-0.003957688808441162,"y":-0.026081204414367677,"z":-0.053804636001586917},"rotation":{"x":0.09621313214302063,"y":0.8602131605148315,"z":0.16411522030830384,"w":-0.47312018275260928},"size":3.5256245136260988,"orthographic":false}