{"cameraMode":{"drawMode":0,"name":"Shaded","section":"Shading Mode"},"sceneLighting":false,"audioPlay":false,"sceneViewState":{"showFog":true,"showMaterialUpdate":false,"showSkybox":true,"showFlares":true,"showImageEffects":true,"showParticleSystems":true},"in2DMode":false,"pivot":{"x":-0.041881099343299869,"y":0.09254306554794312,"z":0.037636712193489078},"rotation":{"x":-0.20217064023017884,"y":0.7229703664779663,"z":-0.23702771961688996,"w":-0.6166512966156006},"size":0.8452321290969849,"orthographic":false}