{"cameraMode":{"drawMode":0,"name":"Shaded","section":"Shading Mode"},"sceneLighting":false,"audioPlay":false,"sceneViewState":{"showFog":true,"showMaterialUpdate":false,"showSkybox":true,"showFlares":true,"showImageEffects":true,"showParticleSystems":true},"in2DMode":false,"pivot":{"x":-3.4866199493408205,"y":1.0000004768371583,"z":2.007535934448242},"rotation":{"x":-0.18569108843803407,"y":0.7954747080802918,"z":-0.29970037937164309,"w":-0.49286767840385439},"size":4.041658401489258,"orthographic":false}