{"cameraMode":{"drawMode":0,"name":"Shaded","section":"Shading Mode"},"sceneLighting":false,"audioPlay":false,"sceneViewState":{"showFog":true,"showMaterialUpdate":false,"showSkybox":true,"showFlares":true,"showImageEffects":true,"showParticleSystems":true},"in2DMode":false,"pivot":{"x":70.05543518066406,"y":28.557165145874025,"z":27.153987884521486},"rotation":{"x":-0.14667023718357087,"y":0.0359748974442482,"z":-0.010830387473106385,"w":-0.9884717464447022},"size":2.3334522247314455,"orthographic":false}