{"cameraMode":{"drawMode":0,"name":"Shaded","section":"Shading Mode"},"sceneLighting":true,"audioPlay":false,"sceneViewState":{"showFog":true,"showMaterialUpdate":false,"showSkybox":true,"showFlares":true,"showImageEffects":true,"showParticleSystems":true},"in2DMode":false,"pivot":{"x":1.280841588973999,"y":-0.04697730392217636,"z":0.6063055992126465},"rotation":{"x":0.7039176821708679,"y":-6.112793049517506e-10,"z":9.577886400657931e-11,"w":0.7102816700935364},"size":66.93555450439453,"orthographic":true}