{"cameraMode":{"drawMode":0,"name":"Shaded","section":"Shading Mode"},"sceneLighting":false,"audioPlay":false,"sceneViewState":{"showFog":true,"showMaterialUpdate":false,"showSkybox":true,"showFlares":true,"showImageEffects":true,"showParticleSystems":true},"in2DMode":false,"pivot":{"x":-4.838285446166992,"y":1.29047429561615,"z":2.2866005897521974},"rotation":{"x":-0.1617393046617508,"y":0.697820246219635,"z":-0.16656558215618134,"w":-0.6776010990142822},"size":4.354115009307861,"orthographic":false}