{"cameraMode":{"drawMode":0,"name":"Shaded","section":"Shading Mode"},"sceneLighting":true,"audioPlay":false,"sceneViewState":{"showFog":true,"showMaterialUpdate":false,"showSkybox":true,"showFlares":true,"showImageEffects":true,"showParticleSystems":true},"in2DMode":false,"pivot":{"x":15.848485946655274,"y":-6.320944786071777,"z":32.918392181396487},"rotation":{"x":-0.21992146968841554,"y":0.6388704180717468,"z":-0.19784264266490937,"w":-0.7101672291755676},"size":37.38017654418945,"orthographic":false}