{"cameraMode":{"drawMode":0,"name":"Shaded","section":"Shading Mode"},"sceneLighting":false,"audioPlay":false,"sceneViewState":{"showFog":true,"showMaterialUpdate":false,"showSkybox":true,"showFlares":true,"showImageEffects":true,"showParticleSystems":true},"in2DMode":false,"pivot":{"x":-0.3236083984375,"y":0.1175537109375,"z":0.6500066518783569},"rotation":{"x":0.4313336908817291,"y":-0.11103056371212006,"z":0.059686027467250827,"w":0.8933426141738892},"size":2.3334522247314455,"orthographic":false}