{"cameraMode":{"drawMode":0,"name":"Shaded","section":"Shading Mode"},"sceneLighting":false,"audioPlay":false,"sceneViewState":{"showFog":true,"showMaterialUpdate":false,"showSkybox":true,"showFlares":true,"showImageEffects":true,"showParticleSystems":true},"in2DMode":false,"pivot":{"x":69.8499984741211,"y":26.639999389648439,"z":27.5},"rotation":{"x":0.06249485909938812,"y":-0.8150296807289124,"z":0.09933587163686753,"w":0.5674093961715698},"size":3.268545150756836,"orthographic":false}