{"cameraMode":{"drawMode":0,"name":"Shaded","section":"Shading Mode"},"sceneLighting":false,"audioPlay":false,"sceneViewState":{"showFog":true,"showMaterialUpdate":false,"showSkybox":true,"showFlares":true,"showImageEffects":true,"showParticleSystems":true},"in2DMode":false,"pivot":{"x":-0.08602714538574219,"y":-0.3081855773925781,"z":0.8765470385551453},"rotation":{"x":-0.27827322483062746,"y":0.6972581744194031,"z":-0.35920408368110659,"w":-0.5544072985649109},"size":7.5836358070373539,"orthographic":false}