{"cameraMode":{"drawMode":0,"name":"Shaded","section":"Shading Mode"},"sceneLighting":true,"audioPlay":false,"sceneViewState":{"showFog":true,"showMaterialUpdate":false,"showSkybox":true,"showFlares":true,"showImageEffects":true,"showParticleSystems":true},"in2DMode":false,"pivot":{"x":35.23999786376953,"y":2.4956305027008058,"z":30.01999855041504},"rotation":{"x":0.19250088930130006,"y":-0.6498731374740601,"z":0.18331727385520936,"w":0.7120415568351746},"size":9.745720863342286,"orthographic":true}