{"cameraMode":{"drawMode":0,"name":"Shaded","section":"Shading Mode"},"sceneLighting":false,"audioPlay":false,"sceneViewState":{"showFog":true,"showMaterialUpdate":false,"showSkybox":true,"showFlares":true,"showImageEffects":true,"showParticleSystems":true},"in2DMode":false,"pivot":{"x":-0.012912094593048096,"y":1.7390459775924683,"z":0.43910205364227297},"rotation":{"x":-0.017217585816979409,"y":-0.9770532250404358,"z":-0.055608175694942477,"w":0.20488590002059937},"size":1.5000572204589844,"orthographic":false}