{"cameraMode":{"drawMode":0,"name":"Shaded","section":"Shading Mode"},"sceneLighting":false,"audioPlay":false,"sceneViewState":{"showFog":true,"showMaterialUpdate":false,"showSkybox":true,"showFlares":true,"showImageEffects":true,"showParticleSystems":true},"in2DMode":false,"pivot":{"x":1.3221534490585328,"y":1.0156949758529664,"z":-0.7574774622917175},"rotation":{"x":-0.10809104144573212,"y":0.461678147315979,"z":-0.06265131384134293,"w":-0.8782052397727966},"size":0.05390775203704834,"orthographic":false}