{"cameraMode":{"drawMode":0,"name":"Shaded","section":"Shading Mode"},"sceneLighting":false,"audioPlay":false,"sceneViewState":{"showFog":true,"showMaterialUpdate":false,"showSkybox":true,"showFlares":true,"showImageEffects":true,"showParticleSystems":true},"in2DMode":false,"pivot":{"x":47.06052017211914,"y":27.28188133239746,"z":12.742451667785645},"rotation":{"x":-0.07259390503168106,"y":0.8716884851455689,"z":-0.13603448867797852,"w":-0.4651709794998169},"size":4.041658401489258,"orthographic":false}