{"cameraMode":{"drawMode":0,"name":"Shaded","section":"Shading Mode"},"sceneLighting":true,"audioPlay":false,"sceneViewState":{"showFog":true,"showMaterialUpdate":false,"showSkybox":true,"showFlares":true,"showImageEffects":true,"showParticleSystems":true},"in2DMode":false,"pivot":{"x":35.09902572631836,"y":2.4956305027008058,"z":23.2274112701416},"rotation":{"x":-0.10001089423894882,"y":0.8348931670188904,"z":-0.17344671487808228,"w":-0.5127059817314148},"size":3.2685399055480959,"orthographic":false}