{"cameraMode":{"drawMode":0,"name":"Shaded","section":"Shading Mode"},"sceneLighting":false,"audioPlay":false,"sceneViewState":{"showFog":true,"showMaterialUpdate":false,"showSkybox":true,"showFlares":true,"showImageEffects":true,"showParticleSystems":true},"in2DMode":false,"pivot":{"x":-1.1178659200668336,"y":1.0037537813186646,"z":-1.2764410972595215},"rotation":{"x":-0.3015519976615906,"y":-0.5815337300300598,"z":0.24539735913276673,"w":-0.714608371257782},"size":2.1051740646362306,"orthographic":false}