{"cameraMode":{"drawMode":0,"name":"Shaded","section":"Shading Mode"},"sceneLighting":false,"audioPlay":false,"sceneViewState":{"showFog":true,"showMaterialUpdate":false,"showSkybox":true,"showFlares":true,"showImageEffects":true,"showParticleSystems":true},"in2DMode":false,"pivot":{"x":0.044549405574798587,"y":0.1324303299188614,"z":-0.7202930450439453},"rotation":{"x":0.07359442859888077,"y":0.6648495197296143,"z":-0.06435620784759522,"w":0.7405520081520081},"size":0.5155702233314514,"orthographic":false}