{"cameraMode":{"drawMode":0,"name":"Shaded","section":"Shading Mode"},"sceneLighting":false,"audioPlay":false,"sceneViewState":{"showFog":true,"showMaterialUpdate":false,"showSkybox":true,"showFlares":true,"showImageEffects":true,"showParticleSystems":true},"in2DMode":false,"pivot":{"x":0.34667152166366579,"y":-0.2515069842338562,"z":-0.6168314218521118},"rotation":{"x":0.261710524559021,"y":-0.7338299751281738,"z":0.39359810948371889,"w":0.4879362881183624},"size":3.7700774669647219,"orthographic":false}