{"cameraMode":{"drawMode":0,"name":"Shaded","section":"Shading Mode"},"sceneLighting":false,"audioPlay":false,"sceneViewState":{"showFog":true,"showMaterialUpdate":false,"showSkybox":true,"showFlares":true,"showImageEffects":true,"showParticleSystems":true},"in2DMode":false,"pivot":{"x":33.743377685546878,"y":4.801423072814941,"z":28.01416778564453},"rotation":{"x":-0.10075949877500534,"y":0.7375020980834961,"z":-0.11489357799291611,"w":-0.6578279733657837},"size":4.499377727508545,"orthographic":false}