{"cameraMode":{"drawMode":0,"name":"Shaded","section":"Shading Mode"},"sceneLighting":false,"audioPlay":false,"sceneViewState":{"showFog":true,"showMaterialUpdate":false,"showSkybox":true,"showFlares":true,"showImageEffects":true,"showParticleSystems":true},"in2DMode":false,"pivot":{"x":12.949995040893555,"y":3.1070992946624758,"z":0.9300003051757813},"rotation":{"x":0.06916322559118271,"y":0.8282474279403687,"z":-0.5460939407348633,"w":0.1049003005027771},"size":12.430641174316407,"orthographic":false}