{"cameraMode":{"drawMode":0,"name":"Shaded","section":"Shading Mode"},"sceneLighting":false,"audioPlay":false,"sceneViewState":{"showFog":true,"showMaterialUpdate":false,"showSkybox":true,"showFlares":true,"showImageEffects":true,"showParticleSystems":true},"in2DMode":false,"pivot":{"x":33.263954162597659,"y":3.2744531631469728,"z":20.209999084472658},"rotation":{"x":0.13877323269844056,"y":0.2596580684185028,"z":-0.03773470222949982,"w":0.9549323320388794},"size":-0.5695198774337769,"orthographic":false}