{"cameraMode":{"drawMode":0,"name":"Shaded","section":"Shading Mode"},"sceneLighting":false,"audioPlay":false,"sceneViewState":{"showFog":true,"showMaterialUpdate":false,"showSkybox":true,"showFlares":true,"showImageEffects":true,"showParticleSystems":true},"in2DMode":false,"pivot":{"x":-0.027295589447021486,"y":-0.21832787990570069,"z":0.5096937417984009},"rotation":{"x":0.31071168184280398,"y":-0.12721188366413117,"z":0.042002517729997638,"w":0.9410160779953003},"size":1.8447562456130982,"orthographic":false}