{"cameraMode":{"drawMode":0,"name":"Shaded","section":"Shading Mode"},"sceneLighting":false,"audioPlay":false,"sceneViewState":{"showFog":true,"showMaterialUpdate":false,"showSkybox":true,"showFlares":true,"showImageEffects":true,"showParticleSystems":true},"in2DMode":false,"pivot":{"x":70.07913208007813,"y":27.26066780090332,"z":26.48765754699707},"rotation":{"x":-0.03026754781603813,"y":-0.9657369256019592,"z":0.2213563621044159,"w":-0.132051020860672},"size":3.268545150756836,"orthographic":false}